{"cameraMode":{"drawMode":0,"name":"Shaded","section":"Shading Mode"},"sceneLighting":false,"audioPlay":false,"sceneViewState":{"showFog":true,"showMaterialUpdate":false,"showSkybox":false,"showFlares":true,"showImageEffects":true,"showParticleSystems":true},"in2DMode":false,"pivot":{"x":6.604736328125,"y":-1.819580078125,"z":2.7978515625},"rotation":{"x":0.11750628054141998,"y":-0.044672656804323199,"z":0.005291382782161236,"w":0.9920529723167419},"size":6.857717990875244,"orthographic":true}