{"cameraMode":{"drawMode":0,"name":"Shaded","section":"Shading Mode"},"sceneLighting":false,"audioPlay":false,"sceneViewState":{"showFog":true,"showMaterialUpdate":false,"showSkybox":false,"showFlares":true,"showImageEffects":true,"showParticleSystems":true},"in2DMode":false,"pivot":{"x":0.06822165101766586,"y":0.1910746991634369,"z":-0.04228059947490692},"rotation":{"x":0.06285613775253296,"y":0.05685674771666527,"z":-0.0035862557124346496,"w":0.9963958263397217},"size":5.339654445648193,"orthographic":false}