{"cameraMode":{"drawMode":0,"name":"Shaded","section":"Shading Mode"},"sceneLighting":false,"audioPlay":false,"sceneViewState":{"showFog":true,"showMaterialUpdate":false,"showSkybox":false,"showFlares":true,"showImageEffects":true,"showParticleSystems":true},"in2DMode":false,"pivot":{"x":0.03545379638671875,"y":0.5779352188110352,"z":-0.019256591796875},"rotation":{"x":0.221623957157135,"y":-0.013163158670067788,"z":0.002992396242916584,"w":0.975040078163147},"size":70.98497009277344,"orthographic":false}