{"cameraMode":{"drawMode":0,"name":"Shaded","section":"Shading Mode"},"sceneLighting":false,"audioPlay":false,"sceneViewState":{"showFog":true,"showMaterialUpdate":false,"showSkybox":false,"showFlares":true,"showImageEffects":true,"showParticleSystems":true},"in2DMode":false,"pivot":{"x":0.015509754419326783,"y":0.3438514471054077,"z":0.03686276078224182},"rotation":{"x":0.06285613775253296,"y":0.05685674771666527,"z":-0.0035862557124346496,"w":0.9963958263397217},"size":0.4226268529891968,"orthographic":false}